Type,Description,ICC,F,df1,df2,pval,CI95%
ICC1,Single raters absolute,0.8891183097390846,33.07448615355348,14,45,5.135360900730971e-19,[0.78 0.96]
ICC2,Single random raters,0.8890581853352099,32.44026594269689,14,42,5.3948151734134874e-18,[0.78 0.96]
ICC3,Single fixed raters,0.887134029793468,32.44026594269689,14,42,5.3948151734134874e-18,[0.77 0.96]
ICC1k,Average raters absolute,0.9697652143299418,33.07448615355348,14,45,5.135360900730971e-19,[0.93 0.99]
ICC2k,Average random raters,0.9697473319116747,32.44026594269689,14,42,5.3948151734134874e-18,[0.93 0.99]
ICC3k,Average fixed raters,0.9691741121430256,32.44026594269689,14,42,5.3948151734134874e-18,[0.93 0.99]
